{"loss": 0.6706978626873182, "validation": 0.015984617173671722, "_timestamp": 1653927780, "_runtime": 133, "_step": 0}