{"loss": 0.5852582454681396, "validation": 0.05094039812684059, "_timestamp": 1653929132, "_runtime": 940, "_step": 9}